class,uniprot_accessions
VGIC,Human:Q12791|Mouse:Q08460|Rat:Q62976
GPCR,Human:P35367|Mouse:P70174|Rat:P31390
OtherProtein,SARS-CoV-2:P0DTD1|SARS-CoV:P0C6X7
OtherProtein,SARS-CoV-2:P0DTD1|SARS-CoV:P0C6X7
OtherProtein,SARS-CoV-2:P0DTC1|SARS-CoV:P0C6U8
GPCR,Human:P28335|Mouse:P34968|Rat:P08909
Enzyme,Human:P43403|Mouse:P43404
Enzyme,Human:Q9NYL2|Mouse:Q9ESL4
GPCR,Human:P50391|Mouse:Q61041|Rat:Q63447
GPCR,Human:P49146|Mouse:P97295|Rat:Q9ERC0
Transporter,Human:Q9UM01|Mouse:Q9Z1K8|Rat:Q9R0S5
Enzyme,Human:P07947|Mouse:Q04736|Rat:F1LM93
OtherProtein,Human:P98170|Mouse:Q60989|Rat:Q9R0I6
Enzyme,Human:P47989|Mouse:Q00519|Rat:P22985
Enzyme,Human:P30291|Mouse:P47810|Rat:Q63802
Transporter,Human:Q9UI12|Mouse:Q8BVE3
Transporter,Human:Q96LB4|Mouse:Q8BMC1
Transporter,Human:O95670|Mouse:Q9WTT4
Transporter,Human:O75348|Mouse:Q9CR51
Transporter,Human:Q16864|Mouse:Q9D1K2|Rat:P50408
Transporter,Human:Q96A05|Mouse:Q9D593
Transporter,Human:P36543|Mouse:P50518|Rat:Q6PCU2
Transporter,Human:Q9Y5K8|Mouse:P57746
Transporter,Human:Q8NEY4|Mouse:Q99L60|Rat:Q6AYE4
Transporter,Human:P21283|Mouse:Q9Z1G3|Rat:Q5FVI6
Transporter,Human:P21281|Mouse:P62814|Rat:P62815
Transporter,Human:P15313
Transporter,Human:P38606|Mouse:P50516
Transporter,Human:Q8NHE4|Mouse:Q91XE7|Rat:Q5EB76
Transporter,Human:O15342|Mouse:Q9CQD8|Rat:Q794C0
Transporter,Human:Q8N8Y2|Mouse:Q80SY3|Rat:Q5FVL0
Transporter,Human:P61421|Mouse:P51863
Transporter,Human:P27449|Mouse:P63082|Rat:P63081
Transporter,Human:Q99437|Mouse:Q91V37
Transporter,Human:Q9HBG4|Mouse:Q920R6
Transporter,Human:Q13488
Transporter,Human:Q9Y487|Mouse:P15920
Transporter,Human:Q93050|Mouse:Q9Z1G4|Rat:P25286
GPCR,Human:P30518|Mouse:O88721|Rat:Q00788
GPCR,Human:P47901|Mouse:Q9WU02|Rat:P48974
GPCR,Human:P37288|Mouse:Q62463|Rat:P30560
Enzyme,Human:Q9BQB6|Mouse:Q9CRC0|Rat:Q6TEK4
NHR,Human:P11473|Mouse:Q922X0|Rat:P13053
Transporter,Human:Q05940|Mouse:Q8BRU6|Rat:Q01827
Transporter,Human:P54219|Mouse:Q8R090|Rat:Q01818
Transporter,Human:Q96S37|Mouse:Q8CFZ5|Rat:Q3ZAV1
Enzyme,Human:Q6PHR2|Mouse:Q3U3Q1|Rat:D3ZHP7
Enzyme,Human:Q8IYT8|Mouse:Q9QY01
Enzyme,Human:O75385|Mouse:O70405
Enzyme,Human:P22309|Mouse:Q63886|Rat:Q64550
Enzyme,Human:Q16739|Mouse:O88693|Rat:Q9R0E0
Enzyme,Human:P54578|Mouse:Q9JMA1
Enzyme,Human:P09936|Mouse:Q9R0P9|Rat:Q00981
CatalyticReceptor,Human:P35590|Mouse:Q06806
Enzyme,Human:Q07912|Mouse:O54967|Rat:Q5U2X5
Enzyme,Human:Q13470|Mouse:Q99ML2
Enzyme,Human:P29597|Mouse:Q9R117
Enzyme,Human:P17735|Mouse:Q8QZR1|Rat:P04694
Enzyme,Human:P14679|Mouse:P11344
CatalyticReceptor,Human:Q06418|Mouse:P55144|Rat:P55146
Enzyme,Human:P42681|Mouse:P42682
CatalyticReceptor,Human:P19438|Mouse:P25118|Rat:P22934
OtherProtein,Human:P07437|Mouse:P99024|Rat:P69897
OtherProtein,Human:P68371|Mouse:P68372|Rat:Q6P9T8
OtherProtein,Human:Q13509|Mouse:Q9ERD7|Rat:Q4QRB4
OtherProtein,Human:P68366|Mouse:P68368|Rat:Q5XIF6
OtherProtein,Human:Q71U36|Mouse:P68369|Rat:P68370
Enzyme,Human:P33981|Mouse:P35761
Enzyme,Human:Q15661
VGIC,Human:Q9HBA0|Mouse:Q9EPK8|Rat:Q9ERZ8
VGIC,Human:Q8NET8|Mouse:Q8K424
VGIC,Human:Q9Y5S1|Mouse:Q9WTR1|Rat:Q9WUD2
VGIC,Human:Q8NER1|Mouse:Q704Y3|Rat:O35433
VGIC,Human:Q7Z2W7|Mouse:Q8R4D5|Rat:Q8R455
VGIC,Human:Q96QT4|Mouse:Q923J1|Rat:Q925B3
VGIC,Human:Q8TD43|Mouse:Q7TN37|Rat:Q9ESQ5
VGIC,Human:O75762|Mouse:Q8BLA8|Rat:Q6RI86
GPCR,Human:P34981|Mouse:P21761|Rat:Q01717
OtherProtein,Human:P02766|Mouse:P07309|Rat:P02767
Enzyme,Human:O15393|Mouse:Q9JIQ8
OtherProtein,Human:P30536|Mouse:P50637|Rat:P16257
Enzyme,Human:P21980|Mouse:P21981
CatalyticReceptor,Human:P37173|Mouse:Q62312|Rat:P38438
CatalyticReceptor,Human:P36897|Mouse:Q64729|Rat:P80204
Enzyme,Human:Q9UKE5|Mouse:P83510
GPCR,Human:P21731|Mouse:P30987|Rat:P34978
Enzyme,Human:Q86UE8|Mouse:O55047
Enzyme,Human:Q9UKI8|Mouse:Q8C0V0
Enzyme,Human:Q969P6|Mouse:Q8R4U6|Rat:Q6IM78
Enzyme,Human:Q59H18|Mouse:Q5GIG6|Rat:Q7TQP6
CatalyticReceptor,Human:Q9NR96|Mouse:Q9EQU3
CatalyticReceptor,Human:Q9NR97|Mouse:P58682
CatalyticReceptor,Human:Q9NYK1|Mouse:P58681
CatalyticReceptor,Human:O00206|Mouse:Q9QUK6|Rat:Q9QX05
CatalyticReceptor,Human:O60603|Mouse:Q9QUN7
Enzyme,Human:P07202|Mouse:P35419|Rat:P14650
NHR,Human:P10828|Mouse:P37242|Rat:P18113
NHR,Human:P10827|Mouse:P63058|Rat:P63059
Enzyme,Human:P04818|Mouse:P07607|Rat:P45352
CatalyticReceptor,Human:P40238|Mouse:Q08351
Enzyme,Human:Q9BXA7|Mouse:Q61241
Enzyme,Human:Q15569|Mouse:O70146|Rat:Q63572
CatalyticReceptor,Human:Q02763|Mouse:Q02858
Enzyme,Human:P42680|Mouse:P24604
GPCR,Human:Q96RJ0|Mouse:Q923Y8|Rat:Q923Y9
Enzyme,Human:Q9H2K8|Mouse:Q8BYC6|Rat:Q53UA7
Enzyme,Human:Q9UL54|Mouse:Q6ZQ29|Rat:Q9JLS3
Enzyme,Human:Q7L7X3|Mouse:Q5F2E8|Rat:O88664
Enzyme,Human:Q9UHD2|Mouse:Q9WUN2
Transporter,Human:Q7L0J3|Mouse:Q9JIS5|Rat:Q02563
Enzyme,Human:P0C264|Mouse:P0C5K0
GPCR,Human:Q9BXA5|Mouse:Q99MT6|Rat:Q6IYF9
NHR,Human:Q13285|Mouse:P33242|Rat:P50569
Enzyme,Human:P31213|Mouse:Q99N99|Rat:P31214
Enzyme,Human:Q9H2G2|Mouse:O54988|Rat:O08815
Enzyme,Human:Q9Y5Y6|Mouse:P56677
GPCR,Human:P35346|Mouse:O08858|Rat:P30938
GPCR,Human:P31391|Mouse:P49660|Rat:P30937
GPCR,Human:P32745|Mouse:P30935|Rat:P30936
GPCR,Human:P30874|Mouse:P30875|Rat:P30680
GPCR,Human:P30872|Mouse:P30873|Rat:P28646
Enzyme,Human:P78362|Mouse:O54781
Enzyme,Human:Q9H3Y6|Mouse:Q62270
Enzyme,Human:P12931|Mouse:P05480|Rat:Q9WUD9
Enzyme,Human:Q14534|Mouse:P52019|Rat:P52020
Enzyme,Human:P43405|Mouse:P48025|Rat:Q64725
Enzyme,Human:Q9NZK7|Mouse:Q9QUL3
Enzyme,Human:Q9UNK4|Mouse:Q9WVF6
Enzyme,Human:P14555|Mouse:P31482|Rat:P14423
Enzyme,Human:P04054|Mouse:Q9Z0Y2|Rat:P04055
Enzyme,Human:O15496|Mouse:Q9QXX3|Rat:Q9QZT3
Enzyme,Human:Q9NRA0|Mouse:Q9JIA7|Rat:Q6AYB2
Enzyme,Human:O95470|Mouse:Q8R0X7|Rat:Q8CHN6
Enzyme,Human:Q9NXE4|Mouse:Q6ZPR5
Enzyme,Human:Q9NY59|Mouse:Q9JJY3|Rat:O35049
Enzyme,Human:P17405|Mouse:Q04519|Rat:Q5XIA6
Transporter,Human:O75185|Mouse:A7L9Z8|Rat:Q8R4C1
Transporter,Human:P98194|Mouse:Q80XR2|Rat:Q64566
Transporter,Human:Q9HAB3|Mouse:Q9D8F3|Rat:B5MEV3
Transporter,Human:P54710|Mouse:Q04646|Rat:Q04679
Transporter,Human:P13637|Mouse:Q6PIC6|Rat:P06687
Transporter,Human:P50993|Mouse:Q6PIE5|Rat:P06686
Transporter,Human:P05023|Mouse:Q8VDN2|Rat:P06685
Transporter,Human:P48764|Rat:P26433
Transporter,Human:P19634|Mouse:Q61165|Rat:P26431
Transporter,Human:P31639|Mouse:Q923I7|Rat:P53792
Transporter,Human:Q969I6|Mouse:Q8R1S9|Rat:Q9EQ25
Transporter,Human:Q99624|Mouse:Q9DCP2|Rat:Q9JHZ9
Transporter,Human:Q96QD8|Mouse:Q8CFE6|Rat:Q9JHE5
Transporter,Human:Q9H2H9|Mouse:Q8K2P7|Rat:Q9JM15
Transporter,Human:P32418|Mouse:P70414|Rat:Q01728
Transporter,Human:Q12908|Mouse:P70172|Rat:Q62633
Enzyme,Human:Q9NRH2|Mouse:Q8VDU5|Rat:Q63553
Transporter,Human:Q9Y289|Mouse:Q5U4D8|Rat:O70247
GPCR,Human:Q99835|Mouse:P56726|Rat:P97698
Enzyme,Human:Q9NXA8|Mouse:Q8K2C6|Rat:Q68FX9
Enzyme,Human:Q9NTG7|Mouse:Q8R104
Enzyme,Human:Q8IXJ6|Mouse:Q8VDQ8|Rat:Q5RJQ4
Enzyme,Human:Q96EB6|Mouse:Q923E4
Enzyme,Human:Q9Y2K2|Mouse:Q6P4S6
OtherProtein,Human:P40763|Mouse:P42227|Rat:P52631
OtherProtein,Human:Q99720|Mouse:O55242|Rat:Q9R0C9
Enzyme,Human:Q52WX2|Mouse:Q8QZX0|Rat:Q9Z335
Enzyme,Human:Q8WTS6|Mouse:Q8VHL1
Enzyme,Human:Q96BR1|Mouse:Q9ERE3|Rat:Q8R4V0
Enzyme,Human:O00141|Mouse:Q9WVC6|Rat:Q06226
Transporter,Human:P31645|Mouse:Q60857|Rat:P31652
Enzyme,Human:P01008|Mouse:P32261
Enzyme,Human:Q8IY84|Mouse:Q8BHI9
Enzyme,Human:Q9P289|Mouse:Q99JT2
Enzyme,Human:Q9UEW8|Mouse:Q9Z1W9|Rat:O88506
Enzyme,Human:Q9Y2H1|Mouse:Q7TSE6
Enzyme,Human:Q15208|Mouse:Q91VJ4
Enzyme,Human:Q9NRP7|Mouse:Q69ZM6
Enzyme,Human:Q8TDR2|Mouse:Q80ZW0
Enzyme,Human:Q9BYT3|Mouse:Q924X7
Enzyme,Human:Q8WU08|Mouse:Q8BGW6
Enzyme,Human:Q13188|Mouse:Q9JI10|Rat:O54748
Enzyme,Human:Q9Y6E0|Mouse:Q99KH8|Rat:B0LT89
Enzyme,Human:O94768|Mouse:Q8BG48|Rat:Q91XS8
Enzyme,Human:Q9UEE5
Enzyme,Human:O75716|Mouse:O88697|Rat:P57760
Enzyme,Human:O94804|Mouse:O55098|Rat:E9PTG8
Enzyme,Human:Q16651|Mouse:Q9ESD1|Rat:Q9ES87
Enzyme,Human:P35030
Enzyme,Human:P07478|Mouse:P07146
Enzyme,Human:P07477|Rat:P08426
Enzyme,Human:Q9NUV7|Mouse:Q8BG54|Rat:D4A9V0
Enzyme,Human:O15270|Mouse:P97363|Rat:Q3B7D2
Enzyme,Human:O15269|Mouse:O35704|Rat:D4A2H2
Enzyme,Human:Q9HB40|Mouse:Q920A5|Rat:Q920A6
Transporter,Human:P16615|Mouse:O55143|Rat:P11507
Transporter,Human:O14983|Mouse:Q8R429|Rat:Q64578
Enzyme,Human:P35270|Rat:P18297
Enzyme,Human:Q9H0K1|Mouse:Q8CFH6
Enzyme,Human:P57059|Mouse:Q60670|Rat:Q9R1U5
Enzyme,Human:P17707|Mouse:P31154|Rat:P17708
Enzyme,Human:P23526|Mouse:P50247|Rat:P10760
GPCR,Human:Q9H228|Mouse:Q91X56|Rat:Q9JKM5
GPCR,Human:O95977|Mouse:Q9Z0L1
GPCR,Human:Q99500|Mouse:Q9Z0U9
GPCR,Human:P21453|Mouse:O08530|Rat:P48303
OtherProtein,Human:P31949|Mouse:P50543|Rat:Q6B345
VGIC,Human:Q92736|Mouse:Q9ERN6|Rat:B0LPN4
VGIC,Human:P21817|Mouse:E9PZQ0|Rat:F1LMY4
CatalyticReceptor,Human:Q13332|Mouse:B0V2N1|Rat:Q64605
CatalyticReceptor,Human:P23469|Mouse:P49446|Rat:B2GV87
CatalyticReceptor,Human:P23467|Mouse:B2RU80
Enzyme,Human:O14730|Mouse:Q9DBU3
Enzyme,Human:Q9BVS4|Mouse:Q9CQS5|Rat:Q5I0I1
Enzyme,Human:Q9BRS2|Mouse:Q922Q2
Enzyme,Human:Q9UK32|Mouse:Q7TPS0
Enzyme,Human:O75676|Mouse:Q9Z2B9
Enzyme,Human:P51812|Mouse:P18654
Enzyme,Human:Q15418|Mouse:P18653|Rat:Q63531
Enzyme,Human:Q7LG56|Mouse:Q6PEE3
Enzyme,Human:P31350|Mouse:P11157|Rat:Q4KLN6
Enzyme,Human:P23921|Mouse:P07742
GPCR,Human:P08100|Mouse:P15409|Rat:P51489
Enzyme,Human:O75116|Mouse:P70336|Rat:Q62868
Enzyme,Human:Q13464|Mouse:P70335|Rat:Q63644
NHR,Human:Q14995|Mouse:Q60674|Rat:Q63504
NHR,Human:P20393|Mouse:Q3UV55|Rat:Q63503
CatalyticReceptor,Human:P07949|Mouse:P35546
OtherProtein,Human:P02753|Mouse:Q00724|Rat:P04916
OtherProtein,Human:P10745|Mouse:P49194
OtherProtein,Human:P09455|Mouse:Q00915|Rat:P02696
NHR,Human:P48443|Mouse:P28705|Rat:Q5BJR8
NHR,Human:P28702|Mouse:P28704|Rat:P49743
NHR,Human:P19793|Mouse:P28700|Rat:Q05343
NHR,Human:P13631|Mouse:P18911
NHR,Human:P10826|Mouse:P22605|Rat:D3ZFD9
NHR,Human:P10276|Mouse:P11416
Enzyme,Human:P00797|Mouse:P06281|Rat:P08424
Enzyme,Human:P57078|Mouse:Q9ERK0
Enzyme,Human:O43353|Mouse:P58801
Enzyme,Human:Q13546|Mouse:Q60855
CatalyticReceptor,Human:Q9Y6Q6|Mouse:O35305
NHR,Human:Q92753|Mouse:Q8R1B8|Rat:P45446
NHR,Human:P35398|Mouse:P51448
AccessoryProtein,Human:O60896|Mouse:Q9WUP1|Rat:Q9JJ73
AccessoryProtein,Human:O60895|Mouse:Q9WUP0|Rat:Q9JHJ1
AccessoryProtein,Human:O60894|Mouse:Q9WTJ5|Rat:Q9JJ74
Enzyme,Human:P04049|Mouse:Q99N57|Rat:P11345
Enzyme,Human:P14618|Mouse:P52480|Rat:P11980
Enzyme,Human:P30613|Rat:P12928
Enzyme,Human:Q16654|Mouse:O70571|Rat:O54937
Enzyme,Human:Q15120|Mouse:Q922H2
Enzyme,Human:Q15119|Mouse:Q9JK42|Rat:Q64536
Enzyme,Human:Q15118|Mouse:Q8BFP9
Enzyme,Human:P11498|Mouse:Q05920|Rat:P52873
OtherIC,Human:Q96RD7|Mouse:Q9JIP4|Rat:P60570
OtherProtein,Human:P15151
Enzyme,Human:P55786|Mouse:Q11011
Enzyme,Human:P00491|Mouse:P23492|Rat:P85973
OtherProtein,Human:P16109
Transporter,Human:Q7Z2H8|Mouse:Q8K4D3|Rat:Q924A5
Enzyme,Human:P18031|Mouse:P35821|Rat:P20417
Enzyme,Human:Q13882|Mouse:Q64434
Enzyme,Human:Q14289|Mouse:Q9QVP9|Rat:P70600
Enzyme,Human:Q05397|Mouse:P34152|Rat:O35346
Enzyme,Human:Q16513|Mouse:Q8BWW9|Rat:O08874
Enzyme,Human:Q16512|Mouse:P70268|Rat:Q63433
Enzyme,Human:Q99640|Mouse:Q9ESG9
Enzyme,Human:Q13237|Mouse:Q61410|Rat:Q64595
Enzyme,Human:P78527|Mouse:P97313
Enzyme,Human:Q15139|Mouse:Q62101|Rat:Q9WTQ1
Enzyme,Human:Q05513|Mouse:Q02956|Rat:P09217
Enzyme,Human:Q04759|Mouse:Q02111|Rat:Q9WTQ0
Enzyme,Human:P41743|Mouse:Q62074|Rat:F1M7Y5
Enzyme,Human:P05129|Mouse:P63318|Rat:P63319
Enzyme,Human:Q02156|Mouse:P16054|Rat:P09216
Enzyme,Human:Q05655|Mouse:P28867|Rat:P09215
Enzyme,Human:P05771|Mouse:P68404|Rat:P68403
Enzyme,Human:P31323|Mouse:P31324|Rat:P12369
Enzyme,Human:P10644|Mouse:Q9DBC7|Rat:P09456
Enzyme,Human:P22694|Mouse:P68181|Rat:P68182
Enzyme,Human:P17612|Mouse:P05132|Rat:P27791
Enzyme,Human:P17252|Mouse:P20444|Rat:P05696
Enzyme,Human:Q9UGI9|Mouse:Q8BGM7
Enzyme,Human:Q9UGJ0|Mouse:Q91WG5
Enzyme,Human:P54619|Mouse:O54950|Rat:P80385
Enzyme,Human:O43741|Mouse:Q7TQI6|Rat:Q6AYZ8
Enzyme,Human:Q9Y478|Mouse:Q9R078|Rat:P80386
Enzyme,Human:P54646|Mouse:Q8BRK8|Rat:Q09137
Enzyme,Human:Q13131|Mouse:Q5EG47|Rat:P54645
Enzyme,Human:P04070|Mouse:P33587|Rat:P31394
Enzyme,Human:O60678|Mouse:Q922H1|Rat:O70467
Enzyme,Human:Q99873|Mouse:Q9JIF0|Rat:Q63009
Enzyme,Human:P28065|Mouse:P28076|Rat:P28077
Enzyme,Human:P28062|Mouse:P28063|Rat:P28064
Enzyme,Human:P28072|Mouse:Q60692|Rat:P28073
Enzyme,Human:P28074|Mouse:O55234|Rat:P28075
Enzyme,Human:P49721|Mouse:Q9R1P3|Rat:P40307
Enzyme,Human:P20618|Mouse:O09061|Rat:P18421
Transporter,Human:Q99884|Mouse:Q6PGE7|Rat:P28573
Enzyme,Human:P05166|Mouse:Q99MN9|Rat:P07633
Enzyme,Human:P05165|Mouse:Q91ZA3|Rat:P14882
Enzyme,Human:P48147|Mouse:Q9QUR6|Rat:O70196
NHR,Human:P06401|Mouse:Q00175|Rat:Q63449
Enzyme,Human:Q13523|Mouse:Q61136|Rat:Q5RKH1
NHR,Human:O75469|Mouse:O54915|Rat:Q9R1A7
Enzyme,Human:Q9Y6F1
Enzyme,Human:Q9UGN5|Mouse:O88554
Enzyme,Human:P09874|Mouse:P11103|Rat:P27008
Enzyme,Human:O00444|Mouse:Q64702|Rat:B2GUY1
Enzyme,Human:Q9H4B4|Mouse:Q60806|Rat:Q9R011
Enzyme,Human:Q9NYY3|Mouse:P53351|Rat:Q9R012
Enzyme,Human:P53350|Mouse:Q07832|Rat:Q62673
Transporter,Human:P23634|Rat:Q64542
Transporter,Human:Q16720|Rat:Q64568
Transporter,Human:Q01814|Mouse:Q9R0K7|Rat:P11506
Transporter,Human:P20020|Rat:P11505
Enzyme,Human:O14939|Mouse:P97813|Rat:P70498
Enzyme,Human:Q13393|Mouse:Q9Z280|Rat:P70496
Enzyme,Human:P51178|Mouse:Q8R3B1|Rat:P10688
CatalyticReceptor,Human:P09619|Mouse:P05622|Rat:Q05030
CatalyticReceptor,Human:P16234|Mouse:P26618|Rat:P20786
Enzyme,Human:Q13093|Mouse:Q60963
OtherProtein,Plasmodium falciparum 3D7:Q8IIA4
OtherProtein,Plasmodium falciparum 3D7:Q8I3X4
OtherProtein,Plasmodium falciparum 3D7:A0A143ZZK9
OtherProtein,Plasmodium falciparum 3D7:Q8I5G6
OtherProtein,Plasmodium falciparum 3D7:Q8IKW5
OtherProtein,Plasmodium falciparum 3D7:Q08210
OtherProtein,Plasmodium falciparum:Q02768
Enzyme,Human:P00749|Mouse:P06869|Rat:P29598
Enzyme,Human:P00750|Mouse:P11214|Rat:P19637
Enzyme,Human:P00747|Mouse:P20918|Rat:Q01177
Transporter,Human:Q7RTT9|Mouse:Q8R139
Enzyme,Human:Q86V86|Mouse:P58750|Rat:O70444
Enzyme,Human:P11309|Mouse:P06803|Rat:P26794
Enzyme,Human:Q16816|Mouse:P07934|Rat:P13286
Enzyme,Human:Q06203|Rat:P35433
Enzyme,Human:P22102|Mouse:Q64737
Transporter,Human:Q9Y2Q0|Mouse:P70704
Enzyme,Human:Q92569|Mouse:Q64143|Rat:Q63789
Enzyme,Human:O00459|Mouse:O08908|Rat:Q5FVS6
Enzyme,Human:P27986|Mouse:P26450|Rat:Q63787
Enzyme,Human:O76083|Mouse:O70628
Enzyme,Human:O95263|Mouse:E9Q4S1
Enzyme,Human:O60658|Mouse:O88502
Enzyme,Human:Q9NP56|Mouse:Q9QXQ1
Enzyme,Human:Q13946|Mouse:P70453|Rat:O08593
Enzyme,Human:Q13956|Mouse:P61249|Rat:P61250
Enzyme,Human:P18545|Mouse:P09174
Enzyme,Human:P51160|Mouse:Q91ZQ1
Enzyme,Human:P35913|Mouse:P23440
Enzyme,Human:P16499|Mouse:P27664
Enzyme,Human:O76074|Mouse:Q8CG03|Rat:O54735
Enzyme,Human:Q08499|Mouse:Q01063|Rat:P14270
Enzyme,Human:Q08493|Mouse:Q3UEI1|Rat:P14644
Enzyme,Human:Q07343|Rat:P14646
Enzyme,Human:P27815|Mouse:O89084|Rat:P54748
Enzyme,Human:Q13370|Mouse:Q61409|Rat:Q63085
Enzyme,Human:Q14432|Mouse:Q9Z0X4|Rat:Q62865
Enzyme,Human:O00408|Mouse:Q922S4|Rat:Q01062
Enzyme,Human:Q14123|Mouse:Q64338|Rat:Q63421
Enzyme,Human:Q01064|Mouse:Q01065|Rat:Q01066
Enzyme,Human:P54750|Mouse:Q61481
Enzyme,Human:Q9HCR9|Mouse:P0C1Q2|Rat:Q8VID6
Enzyme,Human:Q9Y233|Mouse:Q8CA95|Rat:Q9QYJ6
Enzyme,Human:Q9UG56|Mouse:Q8BSF4
Enzyme,Human:Q8TBX8|Mouse:Q91XU3|Rat:O88370
Enzyme,Human:P78356|Mouse:Q80XI4|Rat:O88377
Enzyme,Human:O75747|Mouse:O70167|Rat:O70173
Enzyme,Human:O00750
Enzyme,Human:Q8TCG2|Mouse:Q8CBQ5|Rat:Q5XIL2
Enzyme,Human:Q9UBF8|Mouse:Q8BKC8|Rat:O08561
Enzyme,Human:P48736|Mouse:Q9JHG7
Enzyme,Human:O00329|Mouse:O35904
Enzyme,Human:P42338|Mouse:Q8BTI9|Rat:Q9Z1L0
Enzyme,Human:P42336|Mouse:P42337
Enzyme,Human:Q8NEB9|Mouse:Q6PF93|Rat:O88763
Enzyme,Human:P60484|Mouse:O08586
Enzyme,Human:P11086|Mouse:P40935|Rat:P10937
NHR,Human:P37231|Mouse:P37238|Rat:O88275
NHR,Human:Q03181|Mouse:P35396
NHR,Human:Q07869|Mouse:P23204|Rat:P37230
OtherProtein,Human:P02689|Mouse:P24526
Enzyme,Human:P62937|Mouse:P17742|Rat:P10111
Enzyme,Human:Q13526|Mouse:Q9QUR7
Enzyme,Human:Q9UM07|Mouse:Q9Z183|Rat:O88807
Enzyme,Human:Q9ULW8|Mouse:Q9Z184|Rat:P70708
Enzyme,Human:Q9ULC6|Mouse:Q9Z185|Rat:O88806
Transporter,Human:Q16348|Mouse:Q9ES07|Rat:Q63424
Transporter,Human:P46059|Mouse:Q9JIP7|Rat:P51574
Enzyme,Human:P27169|Mouse:P52430|Rat:P55159
GPCR,Human:P25116|Mouse:P30558|Rat:P26824
Enzyme,Human:P16233|Mouse:Q6P8U6|Rat:P27657
GPCR,Human:P25105|Mouse:Q62035|Rat:P46002
GPCR,Human:P51582|Mouse:Q9JJS7|Rat:O35811
GPCR,Human:P41231|Mouse:P35383|Rat:P41232
GPCR,Human:P47900|Mouse:P49650|Rat:P49651
GPCR,Human:Q15391|Mouse:Q9ESG6|Rat:O35881
GPCR,Human:Q9BPV8|Mouse:Q9D8I2|Rat:Q6GUG4
GPCR,Human:Q9H244|Mouse:Q9CPV9|Rat:Q9EPX4
GPCR,Human:Q96G91
LGIC,Human:Q99572|Mouse:Q9Z1M0|Rat:Q64663
LGIC,Human:O15547|Mouse:O54803|Rat:P51579
LGIC,Human:Q93086|Mouse:Q3UYI1|Rat:P51578
LGIC,Human:Q99571|Mouse:Q9JJX6|Rat:P51577
LGIC,Human:P56373|Mouse:Q3UR32|Rat:P49654
LGIC,Human:Q9UBL9|Rat:P49653
LGIC,Human:P51575|Mouse:P51576|Rat:P47824
Enzyme,Human:Q9NQU5|Mouse:Q3ULB5
Enzyme,Human:Q9P286|Mouse:Q8C015|Rat:D4A280
Enzyme,Human:O96013|Mouse:Q8BTW9
Enzyme,Human:O75914|Mouse:Q61036|Rat:Q62829
Enzyme,Human:Q13177|Mouse:Q8CIN4|Rat:Q64303
Enzyme,Human:Q13153|Mouse:O88643|Rat:P35465
GPCR,Human:O43614|Mouse:P58308|Mouse:P58308-2|Rat:P56719
GPCR,Human:O43613|Mouse:P58307|Rat:P56718
Enzyme,Human:O95747|Mouse:Q6P9R2
GPCR,Human:P30559|Mouse:P97926|Rat:P70536
Transporter,Human:Q8N8R3|Mouse:Q8BL03|Rat:Q5HZE0
Enzyme,Human:P11926|Mouse:P00860|Rat:P09057
Transporter,Human:O76082|Mouse:Q9Z0E8|Rat:O70594
Transporter,Human:Q9H015|Mouse:Q9Z306|Rat:Q9R141
Transporter,Human:Q9NSA0
Transporter,Human:Q8TCC7|Mouse:O88909|Rat:Q9R1U7
Transporter,Human:Q9Y694|Mouse:Q91WU2|Rat:Q5RLM2
Transporter,Human:Q4U2R8|Mouse:Q8VC69|Rat:O35956
Enzyme,Human:O60502|Mouse:Q9EQQ9|Rat:Q8VIJ5
Transporter,Human:O94956|Mouse:Q8BXB6|Rat:Q9JHI3
Transporter,Human:Q9NPD5
Transporter,Human:Q9Y6L6
Enzyme,Human:Q15596|Mouse:Q61026|Rat:Q9WUI9
Enzyme,Human:Q15788|Mouse:P70365
Enzyme,Human:Q9H093|Mouse:Q8BZN4|Rat:Q66HE5
Enzyme,Human:O60285|Mouse:Q641K5
GPCR,Human:O95665|Mouse:P70310|Rat:Q63384
GPCR,Human:Q6W5P4|Mouse:Q8BZP8|Rat:P0C0L6
Transporter,Human:Q9UHC9|Mouse:Q6T3U4|Rat:Q6T3U3
GPCR,Human:P41146|Mouse:P35377|Rat:P35370
GPCR,Human:P29371|Mouse:P47937|Rat:P16177
GPCR,Human:P21452|Mouse:P30549|Rat:P16610
GPCR,Human:P25103|Mouse:P30548|Rat:P14600
Enzyme,Human:Q8TD19|Mouse:Q8K1R7
Enzyme,Human:Q6P3R8|Mouse:Q7TSC3
Enzyme,Human:P51957|Mouse:Q9Z1J2
Enzyme,Human:P51956|Mouse:Q9R0A5
Enzyme,Human:P51955|Mouse:O35942
Enzyme,Human:Q8NG66|Mouse:Q8C0Q4
Enzyme,Human:Q96PY6|Mouse:P51954
LGIC,Human:P30926|Mouse:Q8R493|Rat:P12392
LGIC,Human:Q05901|Mouse:Q8BMN3|Rat:P12391
LGIC,Human:P17787|Mouse:Q9ERK7|Rat:P12390
LGIC,Human:Q9UGM1|Rat:P43144
LGIC,Human:P36544|Mouse:P49582|Rat:Q05941
LGIC,Human:Q15825|Mouse:Q9R0W9|Rat:P43143
LGIC,Human:P30532|Mouse:Q2MKA5|Rat:P20420
LGIC,Human:P43681|Mouse:O70174|Rat:P09483
LGIC,Human:P32297|Mouse:Q8R4G9|Rat:P04757
LGIC,Human:Q15822|Mouse:Q91X60|Rat:P12389
LGIC,Human:P02708|Mouse:P04756|Rat:P25108
LGIC,Human:Q9GZZ6|Rat:Q9JLB5
Enzyme,Human:P08473|Mouse:Q61391|Rat:P07861
CatalyticReceptor,Human:Q16288|Mouse:Q6VNS1|Rat:Q03351
CatalyticReceptor,Human:Q16620|Mouse:P15209|Rat:Q63604
CatalyticReceptor,Human:P04629|Mouse:Q3UFB7|Rat:P35739
NHR,Human:Q92570|Mouse:Q9QZB6|Rat:P51179
Enzyme,Human:P29475|Mouse:Q9Z0J4|Rat:P29476
Transporter,Human:P23975|Mouse:O55192
VGIC,Human:Q9UI33|Mouse:Q9R053|Rat:O88457
VGIC,Human:Q9Y5Y9|Mouse:Q6QIY3|Rat:Q62968
VGIC,Human:Q15858|Mouse:Q62205|Rat:O08562
VGIC,Human:Q9UQD0|Mouse:Q9WTU3|Rat:O88420
VGIC,Human:Q14524|Mouse:Q9JJV9|Rat:P15389
VGIC,Human:P35499|Mouse:Q9ER60|Rat:P15390
VGIC,Human:Q9NY46|Rat:P08104
VGIC,Human:Q99250|Rat:P04775
VGIC,Human:P35498|Rat:P04774
Transporter,Human:P55017|Mouse:P59158|Rat:P55018
Enzyme,Human:Q86YV6|Mouse:Q5SUV5
Enzyme,Human:Q32MK0|Mouse:Q3UIZ8|Rat:E9PT87
Enzyme,Human:Q9H1R3|Mouse:Q8VCR8|Rat:P20689
Enzyme,Human:Q15746|Mouse:Q6PDN3
Enzyme,Human:Q8NEV4|Mouse:Q8K3H5
Enzyme,Human:P05164|Mouse:P11247
CatalyticReceptor,Human:O15146|Mouse:Q61006|Rat:Q62838
GPCR,Human:P35372|Mouse:P42866|Rat:P33535
GPCR,Human:P49286|Mouse:Q8CIQ6|Rat:P49287
GPCR,Human:P48039|Mouse:Q61184|Rat:P49218
GPCR,Human:P08912|Mouse:Q920H4|Rat:P08911
GPCR,Human:P08173|Mouse:P32211|Rat:P08485
GPCR,Human:P20309|Mouse:Q9ERZ3|Rat:P08483
GPCR,Human:P08172|Mouse:Q9ERZ4|Rat:P10980
GPCR,Human:P11229|Mouse:P12657|Rat:P08482
GPCR,Human:O43193
Transporter,Human:P36021|Mouse:O70324|Rat:Q8K1P8
Transporter,Human:O15403|Mouse:B1AT66
Transporter,Human:O15375|Mouse:G5E8K6
Transporter,Human:O15374|Mouse:Q8R0M8
Transporter,Human:O15427|Mouse:P57787|Rat:O35910
Transporter,Human:O95907|Mouse:O35308|Rat:O70461
Transporter,Human:O60669|Mouse:O70451|Rat:Q63344
Transporter,Human:P53985|Mouse:P53986|Rat:P53987
Enzyme,Human:P27338|Mouse:Q8BW75|Rat:P19643
Enzyme,Human:P21397|Mouse:Q64133|Rat:G3V9Z3
Enzyme,Human:P14780|Mouse:P41245|Rat:P50282
Enzyme,Human:P22894|Mouse:O70138|Rat:O88766
Enzyme,Human:P09237|Mouse:Q10738|Rat:P50280
Enzyme,Human:P08254|Mouse:P28862|Rat:P03957
Enzyme,Human:Q9H239
Enzyme,Human:Q9H306
Enzyme,Human:Q9NRE1
Enzyme,Human:Q9NPA2|Mouse:Q3U435
Enzyme,Human:Q9Y5R2|Mouse:Q9R0S2|Rat:Q99PW6
Enzyme,Human:O75900|Mouse:O88676|Rat:O88272
Enzyme,Human:Q8N119|Mouse:Q8K3F2
Enzyme,Human:O60882|Mouse:P57748
Enzyme,Human:P08253|Mouse:P33434|Rat:P33436
Enzyme,Human:Q99542|Mouse:Q9JHI0
Enzyme,Human:Q9ULZ9|Mouse:Q9R0S3|Rat:D3ZXJ0
Enzyme,Human:P51512|Mouse:Q9WTR0|Rat:O35548
Enzyme,Human:P51511|Mouse:O54732|Rat:D3ZCG5
Enzyme,Human:P50281|Mouse:P53690|Rat:Q10739
Enzyme,Human:P45452|Mouse:P33435|Rat:P23097
Enzyme,Human:P39900|Mouse:P34960|Rat:Q63341
Enzyme,Human:P24347|Mouse:Q02853|Rat:Q499S5
Enzyme,Human:P09238|Mouse:O55123|Rat:P07152
Enzyme,Human:P03956|Mouse:Q9EPL5|Rat:P81563
Enzyme,Human:Q9Y4K4|Mouse:Q8BPM2
Enzyme,Human:O95819|Mouse:P97820
Enzyme,Human:Q8IVH8|Mouse:Q99JP0|Rat:Q924I2
Enzyme,Human:Q12851|Mouse:Q61161
Enzyme,Human:Q92918|Mouse:P70218
Enzyme,Human:P80192|Mouse:Q3U1V8
Enzyme,Human:O95382|Mouse:Q9WTR2
Enzyme,Human:Q9Y6R4|Mouse:O08648
Enzyme,Human:Q99759|Mouse:Q61084
Enzyme,Human:Q9Y2U5|Mouse:Q61083
Enzyme,Human:Q56UN5|Mouse:E9Q3S4
Enzyme,Human:Q6ZN16|Mouse:A2AQW0
Enzyme,Human:O43283|Mouse:Q1HKZ5
Enzyme,Human:Q12852|Mouse:Q60700|Rat:Q63796
Enzyme,Human:Q16584|Mouse:Q80XI6|Rat:Q66HA1
Enzyme,Human:Q02779|Mouse:Q66L42
Enzyme,Human:Q13233|Mouse:P53349|Rat:Q62925
Enzyme,Human:P52564|Mouse:P70236|Rat:Q925D6
Enzyme,Human:Q13163|Mouse:Q9WVS7|Rat:Q62862
Enzyme,Human:P46734|Mouse:O09110
Enzyme,Human:P36507|Mouse:Q63932|Rat:P36506
Enzyme,Human:Q02750|Mouse:P31938|Rat:Q01986
Enzyme,Human:P45984|Mouse:Q9WTU6|Rat:P49186
Enzyme,Human:P45983|Mouse:Q91Y86|Rat:P49185
Enzyme,Human:Q13164|Mouse:Q9WVS8|Rat:P0C865
Enzyme,Human:Q16659|Mouse:Q61532|Rat:P27704
Enzyme,Human:P31152|Mouse:Q6P5G0|Rat:Q63454
Enzyme,Human:P27361|Mouse:Q63844|Rat:P21708
Enzyme,Human:Q8TD08|Mouse:Q80Y86|Rat:Q9Z2A6
Enzyme,Human:Q16539|Mouse:P47811|Rat:P70618
Enzyme,Human:O15264|Mouse:Q9Z1B7|Rat:Q9WTY9
Enzyme,Human:P53778|Mouse:O08911|Rat:Q63538
Enzyme,Human:Q15759|Mouse:Q9WUI1
Enzyme,Human:P53779|Mouse:E9QN59|Rat:P49187
Enzyme,Human:P28482|Mouse:P63085|Rat:P63086
Transporter,Human:Q9BXI2
Transporter,Human:Q9Y619|Mouse:Q9WVD5
Transporter,Human:P12236
Transporter,Human:P05141|Mouse:P51881|Rat:Q09073
Transporter,Human:P12235|Mouse:P48962|Rat:Q05962
Enzyme,Human:Q9NPB1|Mouse:Q8VCE6
Enzyme,Human:Q8N4C8|Mouse:Q9JM52|Rat:F1LP90
NHR,Human:P08235|Mouse:Q8VII8|Rat:P22199
Enzyme,Human:Q9Y2H9|Mouse:Q9R1L5|Rat:Q810W7
Enzyme,Human:Q96L34|Mouse:Q8CIP4
Enzyme,Human:P27448|Mouse:Q03141|Rat:Q8VHF0
Enzyme,Human:Q7KZI7|Mouse:Q05512|Rat:O08679
Enzyme,Human:Q9P0L2|Mouse:Q8VHJ5|Rat:O08678
GPCR,Human:O00222|Mouse:P47743|Rat:P70579
GPCR,Human:Q14831|Mouse:Q68ED2|Rat:P35400
GPCR,Human:P41594|Mouse:Q3UVX5|Rat:P31424
GPCR,Human:Q14833|Mouse:Q68EF4|Rat:P31423
GPCR,Human:Q13255|Mouse:P97772|Rat:P23385
Enzyme,Human:Q03426|Mouse:Q9R008|Rat:P17256
CatalyticReceptor,Human:P08581|Mouse:P16056|Rat:P97523
Enzyme,Human:P50579|Mouse:O08663|Rat:P38062
Enzyme,Human:P53582|Mouse:Q8BP48|Rat:D3ZE72
CatalyticReceptor,Human:Q12866|Mouse:Q60805|Rat:P57097
Enzyme,Human:P42679|Mouse:P41242|Rat:P41243
Enzyme,Human:P42345|Mouse:Q9JLN9|Rat:P42346
Enzyme,Human:Q00987|Mouse:P23804
GPCR,Human:P33032|Mouse:P41149|Rat:P35345
GPCR,Human:P32245|Mouse:P56450|Rat:P70596
GPCR,Human:P41968|Mouse:P33033|Rat:P32244
GPCR,Human:Q01718|Mouse:Q64326
GPCR,Human:Q01726|Mouse:Q01727
OtherProtein,Human:Q07820|Mouse:P97287|Rat:Q9Z1P3
GPCR,Human:Q99705|Mouse:Q8JZL2|Rat:P97639
Enzyme,Human:Q14680|Mouse:Q61846
Enzyme,Human:Q9HBH9|Mouse:Q8CDB0|Rat:Q5U2N4
Enzyme,Human:Q9BUB5|Mouse:O08605|Rat:Q4G050
Enzyme,Human:Q8IW41|Mouse:O54992
Enzyme,Human:Q16644|Mouse:Q3UMW7|Rat:Q66H84
Enzyme,Human:P49137|Mouse:P49138
Enzyme,Human:O43451
CatalyticReceptor,Human:Q04912|Mouse:Q62190
Enzyme,Human:Q9BY66|Mouse:Q62240
Enzyme,Human:Q92993|Mouse:Q8CHK4|Rat:Q99MK2
Enzyme,Human:Q92831|Mouse:Q9JHD1
Enzyme,Human:Q92830|Mouse:Q9JHD2
Enzyme,Human:P07948|Mouse:P25911|Rat:Q07014
OtherProtein,Human:Q9Y6Y9|Mouse:Q9JHF9
Enzyme,Human:P07101|Mouse:P24529|Rat:P04177
Transporter,Human:Q9UHI5|Mouse:Q9QXW9|Rat:Q9WVR6
Enzyme,Human:Q8IWU9|Mouse:Q8CGV2|Rat:Q8CGU9
Enzyme,Human:P17752|Mouse:P17532|Rat:P09810
Enzyme,Human:P00439|Mouse:P16331|Rat:P04176
Enzyme,Human:P41222|Mouse:O09114|Rat:P22057
GPCR,Human:P43657|Mouse:Q8BMC0|Rat:Q4G072
GPCR,Human:Q99677|Mouse:Q8BLG2
Transporter,Human:P52569|Mouse:P18581|Rat:B5D5N9
NHR,Human:P55055|Mouse:Q60644|Rat:Q62755
NHR,Human:Q13133|Mouse:Q9Z0Y9|Rat:Q62685
Enzyme,Human:P07098|Mouse:Q9CPP7|Rat:P04634
Enzyme,Human:P53671|Mouse:O54785|Rat:P53670
Enzyme,Human:P53667|Mouse:P53668|Rat:P53669
GPCR,Human:P22888|Mouse:P30730|Rat:P16235
Enzyme,Human:Q16873|Mouse:Q60860|Rat:Q925U2
Enzyme,Human:P09960|Mouse:P24527|Rat:P30349
CatalyticReceptor,Human:P29376|Mouse:P08923
Enzyme,Human:Q5S007|Mouse:Q5S006
Enzyme,Human:P28838|Mouse:Q9CPY7|Rat:Q68FS4
Enzyme,Human:Q16773|Mouse:Q8BTY1|Rat:Q08415
Enzyme,Human:P06239|Mouse:P06240|Rat:Q01621
Enzyme,Human:P20711|Mouse:O88533|Rat:P14173
Enzyme,Human:Q96A70|Mouse:Q8BVM4
Enzyme,Human:O95835|Mouse:Q8BYR2
Enzyme,Human:P48449|Mouse:Q8BLN5|Rat:P48450
VGIC,Human:Q9BQ31|Mouse:Q8BQZ8|Rat:O88759
VGIC,Human:Q96KK3|Mouse:O35173|Rat:O88758
VGIC,Human:Q8TDN2|Mouse:Q8CFS6
VGIC,Human:Q6PIU1|Mouse:Q8BZN2|Rat:P97557
VGIC,Human:Q9NR82|Mouse:Q9JK45
VGIC,Human:P56696|Mouse:Q9JK97|Rat:Q9JK96
VGIC,Human:O43525|Mouse:Q8K3F6|Rat:O88944
VGIC,Human:O43526|Mouse:Q9Z351|Rat:O88943
VGIC,Human:P51787|Mouse:P97414|Rat:Q9Z0N7
VGIC,Human:Q8TDN1|Mouse:Q80XM3
VGIC,Human:Q8TAE7|Mouse:P59053|Rat:Q8R523
VGIC,Human:Q9UJ96|Rat:Q9QYU3
VGIC,Human:Q9UIX4|Mouse:A2BDX4
VGIC,Human:Q9H3M0|Mouse:Q7TSH7
VGIC,Human:Q9UK17|Mouse:Q9Z0V1|Rat:Q62897
VGIC,Human:Q9NZV8|Mouse:Q9Z0V2|Rat:Q63881
VGIC,Human:Q9NSA2|Mouse:Q03719
VGIC,Human:Q03721|Mouse:Q8R1C0|Rat:Q63734
VGIC,Human:Q14003|Mouse:Q63959|Rat:Q01956
VGIC,Human:Q96PR1|Mouse:Q14B80|Rat:P22462
VGIC,Human:P48547|Mouse:P15388|Rat:P25122
VGIC,Human:Q92953|Mouse:A6H8H5|Rat:Q63099
VGIC,Human:Q14721|Mouse:Q03717|Rat:P15387
VGIC,Human:Q16322
VGIC,Human:Q96RP8|Mouse:Q17ST2
VGIC,Human:P17658|Mouse:Q61923|Rat:P17659
VGIC,Human:P22460|Mouse:Q61762|Rat:P19024
VGIC,Human:P22459|Mouse:Q61423|Rat:P15385
VGIC,Human:P22001|Mouse:P16390|Rat:P15384
VGIC,Human:Q9UQ05|Rat:Q9R1T9
VGIC,Human:Q9ULD8|Mouse:Q9WVJ0|Rat:O89047
VGIC,Human:Q96L42|Mouse:P59111|Rat:Q9QWS8
VGIC,Human:P16389|Mouse:P63141|Rat:P63142
VGIC,Human:Q9NS40|Mouse:Q9ER47|Rat:O54852
VGIC,Human:Q9H252|Rat:O54853
VGIC,Human:Q12809|Mouse:O35219|Rat:O08962
VGIC,Human:Q09470|Mouse:P16388|Rat:P10499
VGIC,Human:Q8NCM2|Mouse:Q920E3|Rat:Q9EPI9
VGIC,Human:O95259|Mouse:Q60603|Rat:Q63472
VGIC,Human:Q14654|Mouse:Q61743|Rat:P70673
VGIC,Human:Q15842|Mouse:P97794|Rat:Q63664
VGIC,Human:Q99712|Mouse:O88932|Rat:Q91ZF1
VGIC,Human:P78508|Mouse:Q9JM63|Rat:P49655
VGIC,Human:P48544|Mouse:P48545|Rat:P48548
VGIC,Human:Q92806|Mouse:P48543|Rat:Q63511
VGIC,Human:P48051|Mouse:P48542|Rat:P48550
VGIC,Human:P48549|Mouse:P63250|Rat:P63251
VGIC,Human:Q9UNX9|Mouse:Q8JZN3|Rat:O70596
VGIC,Human:P48050|Mouse:P52189|Rat:P52190
VGIC,Human:Q14500|Mouse:P52187|Rat:P52188
VGIC,Human:P63252|Mouse:P35561|Rat:Q64273
VGIC,Human:P48048|Mouse:O88335|Rat:P35560
VGIC,Human:O15554|Mouse:O89109|Rat:Q9QYW1
VGIC,Human:Q9UGI6|Mouse:P58391|Rat:P70605
VGIC,Human:Q9H2S1|Mouse:P58390|Rat:P70604
VGIC,Human:Q92952|Mouse:Q9EQR3|Rat:P70606
VGIC,Human:Q9NPC2|Mouse:Q3LS21|Rat:Q9ES08
VGIC,Human:Q9Y257
VGIC,Human:O14649|Mouse:O35111|Rat:O54912
VGIC,Human:O95069|Mouse:P97438
VGIC,Human:O00180|Mouse:O08581|Rat:Q9Z2T2
Enzyme,Human:P01116|Mouse:P32883|Rat:P08644
CatalyticReceptor,Human:P10721|Mouse:P05532
OtherProtein,Human:P52732|Mouse:Q6P9P6
CatalyticReceptor,Human:P35968|Mouse:P35918|Rat:O08775
Transporter,Human:Q13621|Mouse:P55014|Rat:P55016
OtherProtein,Human:Q14145|Mouse:Q9Z2X8|Rat:P57790
Transporter,Human:Q9H2X9|Mouse:Q91V14|Rat:Q63633
Transporter,Human:Q9UP95|Mouse:Q9JIS8|Rat:Q63632
GPCR,Human:P41145|Mouse:P33534|Rat:P34975
Enzyme,Human:P49862|Mouse:Q91VE3|Rat:P36373
Enzyme,Human:Q92876
Enzyme,Human:P07288|Mouse:Q9JM71
Enzyme,Human:P03952|Mouse:P26262|Rat:P14272
Enzyme,Human:P06870|Mouse:P15947|Rat:P00758
Enzyme,Human:P52333|Mouse:Q62137|Rat:Q63272
Enzyme,Human:O60674|Mouse:Q62120|Rat:Q62689
Enzyme,Human:P23458|Mouse:P52332
GPCR,Human:Q9NYV7
GPCR,Human:Q7RTX0|Mouse:Q925D8|Rat:Q923K1
GPCR,Human:Q8TE23|Mouse:Q925I4
Enzyme,Human:Q13907|Mouse:P58044|Rat:O35760
Enzyme,Human:P48735|Mouse:P54071|Rat:P56574
Enzyme,Human:O75874|Mouse:O88844|Rat:P41562
LGIC,Human:Q14573|Mouse:P70227|Rat:Q63269
LGIC,Human:Q14571|Mouse:Q9Z329|Rat:P29995
LGIC,Human:Q14643|Mouse:P11881|Rat:P29994
Enzyme,Human:P23677|Mouse:Q8R071|Rat:P17105
GPCR,Human:P43119|Mouse:P43252|Rat:P43253
Enzyme,Human:O60733|Mouse:P97819|Rat:P97570
GPCR,Human:Q86VZ1
GPCR,Human:O00398|Mouse:Q8BFU7
Enzyme,Human:Q6PHW0|Mouse:Q9DCX8|Rat:Q5BK17
Enzyme,Human:P55073|Mouse:Q91ZI8|Rat:P49897
CatalyticReceptor,Human:P31785|Mouse:P34902
Enzyme,Human:Q9NWZ3|Mouse:Q8R4K2|Rat:D4A7K4
Enzyme,Human:Q9Y616|Mouse:Q8K4B2
Enzyme,Human:P51617|Mouse:Q62406
CatalyticReceptor,Human:P48551|Mouse:O35664
CatalyticReceptor,Human:P05106|Mouse:O54890
CatalyticReceptor,Human:P05556|Mouse:P09055|Rat:P49134
CatalyticReceptor,Human:P06756|Mouse:P43406
CatalyticReceptor,Human:P20701|Mouse:P24063
CatalyticReceptor,Human:P08514|Mouse:Q9QUM0
CatalyticReceptor,Human:P08648|Mouse:P11688
CatalyticReceptor,Human:P13612|Mouse:Q00651
CatalyticReceptor,Human:P14616|Mouse:Q9WTL4|Rat:Q64716
CatalyticReceptor,Human:P06213|Mouse:P15208|Rat:P15127
CatalyticReceptor,Human:P08069|Mouse:Q60751|Rat:P24062
Enzyme,Human:P14735|Mouse:Q9JHR7|Rat:P35559
Enzyme,Human:P32019|Mouse:Q8K337
Enzyme,Human:P12268|Mouse:P24547|Rat:E9PU28
Enzyme,Human:P20839|Mouse:P50096|Rat:D3ZLZ7
Enzyme,Human:O95865|Mouse:Q99LD8|Rat:Q6MG60
Enzyme,Human:O94760|Mouse:Q9CWS0|Rat:O08557
Enzyme,Human:Q02083|Mouse:Q9D7V9|Rat:Q5KTC7
Enzyme,Human:Q14164|Mouse:Q9R0T8
Enzyme,Human:O14920|Mouse:O88351|Rat:Q9QY78
Enzyme,Human:P35228|Mouse:P29477|Rat:Q06518
Enzyme,Human:P14902|Mouse:P28776|Rat:Q9ERD9
Enzyme,Human:P29218|Mouse:O55023|Rat:P97697
Enzyme,Human:Q08881|Mouse:Q03526
GPCR,Human:Q8NFJ5|Mouse:Q8BHL4
GPCR,Human:Q9Y2T6|Mouse:Q3UJF0|Rat:Q9WU09
GPCR,Human:Q9HC97|Mouse:Q9ES90|Rat:Q33BM1
GPCR,Human:Q14330|Mouse:Q8K1Z6|Rat:A1A5S3
GPCR,Human:P47775|Mouse:P35412|Rat:P30951
Enzyme,Human:P37059|Mouse:P51658
Enzyme,Human:P80365|Mouse:P51661
Enzyme,Human:P28845|Mouse:P50172|Rat:P16232
Enzyme,Human:Q01581|Mouse:Q8JZK9|Rat:P17425
Enzyme,Human:P04035|Mouse:Q01237|Rat:P51639
Enzyme,Human:P26439|Mouse:P24815
GPCR,Human:Q9H3N8|Mouse:Q91ZY2|Rat:Q91ZY1
GPCR,Human:Q9Y5N1|Mouse:P58406|Rat:Q9QYN8
GPCR,Human:P25021|Mouse:P97292|Rat:P25102
Enzyme,Human:P01112|Mouse:Q61411|Rat:P20171
Enzyme,Human:O60760|Mouse:Q9JHF7|Rat:O35543
Enzyme,Human:P15428|Mouse:Q8VCC1|Rat:O08699
Enzyme,Human:Q9H422|Mouse:Q9ERH7|Rat:O88850
Enzyme,Human:Q9H2X6|Mouse:Q9QZR5
Enzyme,Human:Q8TF76|Mouse:Q9Z0R0
Enzyme,Human:Q9UKV0|Mouse:Q99N13
Enzyme,Human:Q9BY41|Mouse:Q8VH37|Rat:B1WC68
Enzyme,Human:Q8WUI4|Mouse:Q8C2B3|Rat:Q99P96
Enzyme,Human:Q9UBN7|Mouse:Q9Z2V5
Enzyme,Human:Q9UQL6|Mouse:Q9Z2V6
Enzyme,Human:P56524|Mouse:Q6NZM9
Enzyme,Human:O15379|Mouse:O88895|Rat:Q6P6W3
Enzyme,Human:Q92769|Mouse:P70288
Enzyme,Human:Q96DB2|Mouse:Q91WA3
Enzyme,Human:Q969S8|Mouse:Q6P3E7|Rat:Q569C4
Enzyme,Human:Q13547|Mouse:O09106
Enzyme,Human:P19113|Mouse:P23738|Rat:P16453
Transporter,Human:P30825|Mouse:Q09143|Rat:P30823
NHR,Human:Q14541|Mouse:Q9WUU6
NHR,Human:P41235|Mouse:P49698|Rat:P22449
OtherProtein,Human:P11142|Mouse:P63017|Rat:P63018
OtherProtein,Human:P54652|Mouse:P17156|Rat:P14659
OtherProtein,Human:P14625|Mouse:P08113|Rat:Q66HD0
OtherProtein,Human:P08238|Mouse:P11499|Rat:P34058
OtherProtein,Human:P07900|Mouse:P07901|Rat:P82996
VGIC,Human:Q9UL51|Mouse:O88703|Rat:Q9JKA9
Enzyme,Human:P08631|Mouse:P08103|Rat:P50545
GPCR,Human:P49019
GPCR,Human:Q8TDS4|Mouse:Q9EP66|Rat:Q80Z39
Enzyme,Human:P30519|Mouse:O70252|Rat:P23711
Enzyme,Human:P09601|Mouse:P14901|Rat:P06762
CatalyticReceptor,Human:P25092|Mouse:Q3UWA6|Rat:P23897
CatalyticReceptor,Human:P20594|Mouse:Q6VVW5|Rat:P16067
CatalyticReceptor,Human:P33402|Rat:Q9WVI4
CatalyticReceptor,Human:P16066|Mouse:P18293|Rat:P18910
GPCR,Human:Q99527|Mouse:Q8BMP4|Rat:O08878
GPCR,Human:Q8TDU6|Mouse:Q80SS6|Rat:Q80T02
GPCR,Human:Q96P88
GPCR,Human:P30968|Mouse:Q01776|Rat:P30969
Enzyme,Human:P49841|Mouse:Q9WV60|Rat:P18266
Enzyme,Human:P49840|Mouse:Q2NL51|Rat:P18265
LGIC,Human:P48167|Mouse:P48168|Rat:P20781
LGIC,Human:Q5JXX5|Mouse:Q61603
LGIC,Human:O75311|Mouse:Q91XP5|Rat:P24524
LGIC,Human:P23416|Mouse:Q7TNC8|Rat:P22771
LGIC,Human:P23415|Mouse:Q64018|Rat:P07727
Enzyme,Human:P23434|Mouse:Q91WK5|Rat:Q5I0P2
Enzyme,Human:P78417|Mouse:O09131
Enzyme,Human:P00390|Mouse:P47791|Rat:P70619
Enzyme,Human:Q07075|Mouse:P16406|Rat:P50123
Enzyme,Human:Q16769|Mouse:Q9CYK2
Enzyme,Human:O94925|Mouse:D3Z7P3|Rat:P13264
Enzyme,Human:Q05329|Mouse:P48320|Rat:Q05683
Enzyme,Human:Q99259|Mouse:P48318|Rat:P18088
LGIC,Human:O60391|Mouse:Q91ZU9|Rat:Q8VHN2
LGIC,Human:Q8TCU5|Rat:Q9R1M7
LGIC,Human:O15399|Mouse:Q03391|Rat:Q62645
LGIC,Human:Q14957|Mouse:Q01098|Rat:Q00961
LGIC,Human:Q13224|Mouse:Q01097|Rat:Q00960
LGIC,Human:Q12879|Mouse:P35436|Rat:Q00959
LGIC,Human:Q05586|Mouse:P35438|Rat:P35439
LGIC,Human:Q16478|Mouse:Q61626|Rat:Q63273
LGIC,Human:Q16099|Mouse:Q8BMF5|Rat:Q01812
LGIC,Human:Q13003|Mouse:B1AS29|Rat:P42264
LGIC,Human:Q13002|Mouse:P39087|Rat:P42260
LGIC,Human:P39086|Mouse:Q60934|Rat:P22756
Enzyme,Human:P04062|Mouse:P17439
Transporter,Human:P11168|Mouse:P14246|Rat:P12336
Transporter,Human:P11166|Mouse:P17809|Rat:P11167
Enzyme,Human:P35557|Mouse:P52792|Rat:P17712
NHR,Human:P04150|Mouse:P06537|Rat:P06536
LGIC,Human:P48058|Mouse:Q9Z2W8|Rat:P19493
LGIC,Human:P42263|Mouse:Q9Z2W9|Rat:P19492
LGIC,Human:P42262|Mouse:P23819|Rat:P19491
LGIC,Human:P42261|Mouse:P23818|Rat:P19490
GPCR,Human:P43220|Mouse:O35659|Rat:P32301
GPCR,Human:Q02643|Mouse:P32082|Rat:Q02644
GPCR,Human:Q92847|Mouse:Q99P50|Rat:O08725
Enzyme,Human:O95749|Mouse:Q9WTN0|Rat:Q6F596
Transporter,Human:P48066|Mouse:P31650|Rat:P31647
Transporter,Human:Q9NSD5|Mouse:P31649|Rat:P31646
Transporter,Human:P30531|Mouse:P31648|Rat:P23978
Enzyme,Human:P38435|Mouse:Q9QYC7|Rat:O88496
GPCR,Human:O75899|Mouse:Q80T41|Rat:O88871
GPCR,Human:Q9UBS5|Mouse:Q9WV18|Rat:Q9Z0U4
LGIC,Human:Q9UN88|Mouse:Q9JLF1
LGIC,Human:A8MPY1|Rat:P50573
LGIC,Human:P28476|Mouse:P56476|Rat:P47742
LGIC,Human:P24046|Mouse:P56475|Rat:P50572
LGIC,Human:O00591|Mouse:Q8QZW7|Rat:O09028
LGIC,Human:Q99928|Mouse:P27681|Rat:P28473
LGIC,Human:P18507|Mouse:P22723|Rat:P18508
LGIC,Human:Q8N1C3|Mouse:Q9R0Y8|Rat:P23574
LGIC,Human:P78334|Rat:Q9ES14
LGIC,Human:O14764|Mouse:P22933|Rat:P18506
LGIC,Human:P28472|Mouse:P63080|Rat:P63079
LGIC,Human:P47870|Mouse:P63137|Rat:P63138
LGIC,Human:P18505|Mouse:P50571|Rat:P15431
LGIC,Human:Q16445|Mouse:P16305|Rat:P30191
LGIC,Human:P31644|Mouse:Q8BHJ7|Rat:P19969
LGIC,Human:P48169|Mouse:Q9D6F4|Rat:P28471
LGIC,Human:P34903|Mouse:P26049|Rat:P20236
LGIC,Human:P47869|Mouse:P26048|Rat:P23576
LGIC,Human:P14867|Mouse:P62812|Rat:P62813
Enzyme,Human:P42685|Mouse:Q922K9|Rat:Q62662
Enzyme,Human:P06241|Mouse:P39688|Rat:Q62844
Enzyme,Human:P09958|Mouse:P23188|Rat:P23377
Transporter,Human:P36542|Mouse:Q91VR2|Rat:P35435
Transporter,Human:P56385|Mouse:Q06185|Rat:P29419
Transporter,Human:P30049|Mouse:Q9D3D9|Rat:P35434
Transporter,Human:P06576|Mouse:P56480|Rat:P10719
Transporter,Human:P00846|Mouse:P00848|Rat:P05504
Transporter,Human:P25705|Mouse:Q03265|Rat:P15999
GPCR,Human:P23945|Mouse:P35378|Rat:P20395
GPCR,Human:P43088|Mouse:P43117|Rat:P43118
GPCR,Human:P21462|Mouse:P33766
Enzyme,Human:Q04609|Mouse:O35409|Rat:P70627
CatalyticReceptor,Human:P35916|Mouse:P35917|Rat:Q91ZT1
CatalyticReceptor,Human:P36888|Mouse:Q00342
CatalyticReceptor,Human:P17948|Mouse:P35969|Rat:P53767
Enzyme,Human:P62942|Mouse:P26883|Rat:Q62658
CatalyticReceptor,Human:P22455|Mouse:Q03142|Rat:Q498D6
CatalyticReceptor,Human:P22607|Mouse:Q61851
CatalyticReceptor,Human:P21802|Mouse:P21803
CatalyticReceptor,Human:P11362|Mouse:P16092|Rat:Q04589
Enzyme,Human:P09769|Mouse:P14234|Rat:Q6P6U0
GPCR,Human:Q5NUL3|Mouse:Q7TMA4|Rat:Q2AC31
GPCR,Human:O14842|Mouse:Q76JU9|Rat:Q8K3T4
Enzyme,Human:P07332|Mouse:P16879
Enzyme,Human:P16591|Mouse:P70451|Rat:P09760
Enzyme,Human:P49327|Mouse:P19096|Rat:P12785
OtherProtein,Human:P51161|Mouse:P51162|Rat:P80020
OtherProtein,Human:P12104|Mouse:P55050|Rat:P02693
Enzyme,Human:O00519|Mouse:O08914|Rat:P97612
Enzyme,Human:P49356|Mouse:Q8K2I1|Rat:Q02293
Enzyme,Human:P49354|Mouse:Q61239|Rat:Q04631
Enzyme,Human:P14324|Mouse:Q920E5|Rat:P05369
NHR,Human:Q96RI1|Mouse:Q3V1T8|Rat:Q62735
CatalyticReceptor,Human:P19235|Mouse:P14753|Rat:Q07303
OtherProtein,Human:O14980|Mouse:Q6P5F9|Rat:Q80U96
Transporter,Human:O00341|Mouse:Q8JZR4
Transporter,Human:P48664|Mouse:O35544|Rat:O35921
Transporter,Human:P43005|Mouse:P51906|Rat:P51907
Transporter,Human:P43004|Mouse:P43006|Rat:P31596
Transporter,Human:P43003|Mouse:P56564|Rat:P24942
Enzyme,Human:Q9P2K8|Mouse:Q9QZ05
Enzyme,Human:P19525|Mouse:Q03963|Rat:Q63184
Enzyme,Human:Q9BQI3|Mouse:Q9Z2R9|Rat:Q63185
OtherProtein,Human:P13639|Mouse:P58252|Rat:P05197
GPCR,Human:P24530|Mouse:P48302|Rat:P21451
GPCR,Human:P25101|Mouse:Q61614|Rat:P26684
NHR,Human:P62508|Mouse:P62509|Rat:P62510
NHR,Human:O95718|Mouse:Q61539|Rat:P11475
NHR,Human:P11474|Mouse:O08580|Rat:Q5QJV7
NHR,Human:Q92731|Mouse:O08537|Rat:Q62986
NHR,Human:P03372|Mouse:P19785|Rat:P06211
CatalyticReceptor,Human:Q15303|Mouse:Q61527|Rat:Q62956
CatalyticReceptor,Human:P21860|Mouse:Q61526|Rat:Q62799
CatalyticReceptor,Human:P04626|Mouse:P70424|Rat:P06494
Transporter,Human:Q99808|Mouse:Q9JIM1|Rat:O54698
GPCR,Human:P35408|Mouse:P32240|Rat:P43114
GPCR,Human:P43115|Mouse:P30557|Rat:P34980
GPCR,Human:P43116|Mouse:Q62053|Rat:Q62928
GPCR,Human:P34995|Mouse:P35375|Rat:P70597
Enzyme,Human:P34913|Mouse:P34914|Rat:P80299
CatalyticReceptor,Human:P00533|Mouse:Q01279
CatalyticReceptor,Human:O15197|Mouse:O08644|Rat:P0C0K7
CatalyticReceptor,Human:P54760|Mouse:P54761
CatalyticReceptor,Human:P29323|Mouse:P54763
CatalyticReceptor,Human:P54762|Mouse:Q8CBF3|Rat:P09759
CatalyticReceptor,Human:P29322|Mouse:O09127|Rat:P29321
CatalyticReceptor,Human:Q15375|Mouse:Q61772|Rat:P54759
CatalyticReceptor,Human:Q9UF33|Mouse:Q62413|Rat:P54758
CatalyticReceptor,Human:P54756|Mouse:Q60629|Rat:P54757
CatalyticReceptor,Human:P54764|Mouse:Q03137
CatalyticReceptor,Human:P29320|Mouse:P29319|Rat:O08680
CatalyticReceptor,Human:P29317|Mouse:Q03145
CatalyticReceptor,Human:P21709|Mouse:Q60750
Enzyme,Human:Q15910|Mouse:Q61188
Enzyme,Human:Q92800|Mouse:P70351
Enzyme,Human:P42892|Mouse:Q4PZA2|Rat:P42893
Enzyme,Human:P29474|Mouse:P70313|Rat:Q62600
Enzyme,Human:O75460|Mouse:Q9EQY0
LGIC,Human:P51170|Mouse:Q9WU39|Rat:P37091
LGIC,Human:P51172
LGIC,Human:P51168|Mouse:Q9WU38|Rat:P37090
LGIC,Human:P37088|Mouse:Q61180|Rat:Q9Z2W4
Enzyme,Human:P08246|Mouse:Q3UP87
Enzyme,Human:Q9H6Z9|Mouse:Q91UZ4|Rat:Q62630
Enzyme,Human:Q96KS0|Mouse:Q91YE2|Rat:Q6AYU4
Enzyme,Human:Q9GZT9|Mouse:Q91YE3|Rat:P59722
Enzyme,Human:P21589|Mouse:Q61503|Rat:P21588
Enzyme,Human:Q9Y463|Mouse:Q9Z188
Enzyme,Human:Q13627|Mouse:Q61214|Rat:Q63470
GPCR,Human:P21918|Mouse:Q8BLD9|Rat:P25115
GPCR,Human:P21917|Mouse:P51436|Rat:P30729
GPCR,Human:P35462|Mouse:P30728|Rat:P19020
GPCR,Human:P14416|Mouse:P61168|Rat:P61169
GPCR,Human:P21728|Mouse:Q61616|Rat:P18901
GPCR,Human:Q9Y5Y4|Mouse:Q9Z2J6|Rat:Q6XKD3
GPCR,Human:Q13258|Mouse:P70263|Rat:Q9R261
Enzyme,Human:Q9C098|Mouse:Q8BWQ5
Enzyme,Human:Q8N568|Mouse:Q6PGN3|Rat:Q5MPA9
Enzyme,Human:O15075|Mouse:Q9JLM8|Rat:O08875
Enzyme,Human:P09172|Mouse:Q64237|Rat:Q05754
Enzyme,Human:P11388|Mouse:Q01320|Rat:P41516
Enzyme,Human:P11387|Mouse:Q04750|Rat:Q9WUL0
Enzyme,Human:P26358|Mouse:P13864|Rat:Q9Z330
Enzyme,Human:Q9Y6K1|Mouse:O88508|Rat:Q1LZ53
Enzyme,Human:Q09013|Mouse:P54265
CatalyticReceptor,Human:Q16832|Mouse:Q62371
CatalyticReceptor,Human:Q08345|Mouse:Q03146|Rat:Q63474
Enzyme,Human:P27487|Mouse:P28843|Rat:P14740
Enzyme,Human:P16444|Mouse:P31428|Rat:P31430
Enzyme,Human:Q12882|Mouse:Q8CHR6|Rat:O89000
Enzyme,Human:Q02127|Mouse:O35435|Rat:Q63707
Enzyme,Human:P00374|Mouse:P00375|Rat:Q920D2
GPCR,Human:P41143|Mouse:P32300|Rat:P33533
Enzyme,Human:O43293|Mouse:O54784|Rat:O88764
Enzyme,Human:Q9UIK4|Mouse:Q8VDF3
Enzyme,Human:P53355|Mouse:Q80YE7
NHR,Human:P51843|Mouse:Q61066|Rat:P70503
Transporter,Human:Q01959|Mouse:Q61327|Rat:P23977
CatalyticReceptor,Human:P32927|Mouse:P26955
Enzyme,Human:P04839|Mouse:Q61093
Enzyme,Human:P32320
Transporter,Human:O60931|Mouse:P57757
Transporter,Human:Q9UPY5|Mouse:Q9WTR6
Enzyme,Human:P32929|Mouse:Q8VCN5|Rat:P18757
Enzyme,Human:P35520|Mouse:Q91WT9|Rat:P32232
GPCR,Human:Q9NS75|Mouse:Q920A1|Rat:Q924T9
GPCR,Human:Q9Y271|Mouse:Q99JA4|Rat:Q924T8
Enzyme,Human:Q16647|Mouse:O35074|Rat:Q62969
Enzyme,Human:P24557|Mouse:P36423|Rat:P49430
Enzyme,Human:Q16850|Mouse:Q8K0C4|Rat:Q64654
Enzyme,Human:Q02928
Enzyme,Human:P24462
Enzyme,Human:P20815
Enzyme,Human:Q9HB55
Enzyme,Human:P08684
Enzyme,Human:P05181|Mouse:Q05421|Rat:P05182
Enzyme,Human:P10635
Enzyme,Human:P11712
Enzyme,Human:P10632
Enzyme,Human:P33261
Enzyme,Human:P33260
Enzyme,Human:P20813
Enzyme,Human:P11509
Enzyme,Human:O15528|Mouse:O35084|Rat:O35132
Enzyme,Human:Q6V0L0
Enzyme,Human:Q9NR63|Mouse:Q811W2|Rat:G3V7X8
Enzyme,Human:O43174|Mouse:O55127
Enzyme,Human:P08686
Enzyme,Human:Q16678|Mouse:Q64429|Rat:Q64678
Enzyme,Human:P05177|Mouse:P00186|Rat:P04799
Enzyme,Human:P04798|Mouse:P00184|Rat:P00185
Enzyme,Human:P11511|Mouse:P28649|Rat:P22443
Enzyme,Human:P05093|Mouse:P27786|Rat:P11715
Enzyme,Human:P19099|Mouse:P15539|Rat:P30099|Rat:P30100
Enzyme,Human:P15538|Rat:P15393
Enzyme,Human:P05108|Mouse:Q9QZ82|Rat:P14137
Enzyme,Human:O14976|Mouse:Q99KY4|Rat:P97874
Enzyme,Human:Q92772|Mouse:Q9QUK0|Rat:Q5XIT0
Enzyme,Human:Q00532|Mouse:Q8CEQ0|Rat:Q66HE7
Enzyme,Human:P50750|Mouse:Q99J95|Rat:Q641Z4
Enzyme,Human:P49336|Mouse:Q8R3L8
Enzyme,Human:P50613|Mouse:Q03147|Rat:P51952
Enzyme,Human:Q00534|Mouse:Q64261
Enzyme,Human:Q00535|Mouse:P49615|Rat:Q03114
Enzyme,Human:P11802|Mouse:P30285|Rat:P35426
Enzyme,Human:P24941|Mouse:P97377|Rat:Q63699
Enzyme,Human:Q00537|Mouse:Q8K0D0|Rat:O35831
Enzyme,Human:Q00536|Mouse:Q04735|Rat:Q63686
Enzyme,Human:Q96Q40|Mouse:Q3V3A1
Enzyme,Human:P06493|Mouse:P11440|Rat:P39951
GPCR,Human:P61073|Mouse:P70658|Rat:O08565
GPCR,Human:P25024|Mouse:Q810W6|Rat:P70612
OtherIC,Human:P17302|Mouse:P23242|Rat:P08050
OtherProtein,Human:Q9ULY5|Mouse:Q9R0Q8|Rat:Q67EQ1
GPCR,Human:P30988|Mouse:Q60755|Rat:P32214
Enzyme,Human:P41240|Mouse:P41241|Rat:P32577
Transporter,Human:P48029|Mouse:Q8VBW1|Rat:P28570
CatalyticReceptor,Human:P08922|Mouse:Q78DX7|Rat:Q63132
GPCR,Human:P34998|Mouse:P35347|Rat:P35353
OtherProtein,Human:Q92793
Enzyme,Human:P47712|Mouse:P47713|Rat:P50393
Enzyme,Human:Q15185|Mouse:Q9R0Q7|Rat:P83868
Enzyme,Human:P35354|Mouse:Q05769|Rat:P35355
Enzyme,Human:P23219|Mouse:P22437|Rat:Q63921
OtherProtein,SARS-CoV-2:P0DTC1
OtherProtein,SARS-CoV:P0C6U8
NHR,Human:P10589|Mouse:Q60632
NHR,Human:Q14994|Mouse:Q3V008|Rat:Q9QUS1
Enzyme,Human:O15111|Mouse:Q60680
Enzyme,Human:P00746|Mouse:P03953|Rat:P32038
Enzyme,Human:P00751|Mouse:P04186
Enzyme,Human:P09871|Mouse:Q8CFG8|Rat:Q6P6T1
CatalyticReceptor,Human:P07333|Mouse:P09581|Rat:Q00495
Enzyme,Human:Q96D53|Mouse:Q566J8|Rat:Q6AY19
Enzyme,Human:Q8NI60|Mouse:Q60936|Rat:Q5BJQ0
Enzyme,Human:P00748|Mouse:Q80YC5|Rat:D3ZTE0
Enzyme,Human:P03951|Mouse:Q91Y47
Enzyme,Human:P00742|Mouse:O88947|Rat:Q63207
Enzyme,Human:P08709|Mouse:P70375|Rat:Q8K3U6
Enzyme,Human:P00740|Mouse:P16294|Rat:P16296
Enzyme,Human:P00734|Mouse:P19221|Rat:P18292
VGIC,Human:P29973|Mouse:P29974|Rat:Q62927
OtherIC,Human:P51800|Mouse:Q9WUB7|Rat:Q06393
OtherIC,Human:P51788|Mouse:Q9R0A1|Rat:P35525
Enzyme,Human:O14578|Mouse:P49025
Enzyme,Human:Q9UPZ9|Mouse:Q9JKV2|Rat:Q62726
Enzyme,Human:Q9UNI1|Mouse:Q91X79|Rat:P00773
Enzyme,Human:P23946|Mouse:P21844|Rat:P50339
Enzyme,Human:P28329|Mouse:Q03059|Rat:P32738
Enzyme,Human:Q13231|Mouse:Q9D7Q1
Enzyme,Human:O96017|Mouse:Q9Z265
Enzyme,Human:O14757|Mouse:O35280|Rat:Q91ZN7
OtherIC,Human:P13569|Mouse:P26361|Rat:P34158
Enzyme,Human:Q96SW2|Mouse:Q8C7D2|Rat:Q56AP7
Enzyme,Human:Q9HAZ1|Mouse:O35493
Enzyme,Human:P49761|Mouse:O35492|Rat:Q63117
Enzyme,Human:P49760|Mouse:O35491
Enzyme,Human:P49759|Mouse:P22518
Enzyme,Human:Q6DT37|Mouse:Q80UW5
OtherProtein,Human:P06731
OtherProtein,Human:P15813|Mouse:P11610|Mouse:P11609|Rat:Q63493
GPCR,Human:P51686|Mouse:Q9WUT7|Rat:Q8CH33
GPCR,Human:P51681|Mouse:P51682|Rat:O08556
GPCR,Human:P32239|Mouse:P56481|Rat:P30553
GPCR,Human:P32238|Mouse:O08786|Rat:P30551
GPCR,Human:P34972|Mouse:P47936|Rat:Q9QZN9
GPCR,Human:P21554|Mouse:P47746|Rat:P20272
Enzyme,Human:P16152|Mouse:P48758|Rat:P47727
Transporter,Human:O43246|Mouse:Q8BLQ7
Transporter,Human:Q8WY07|Mouse:P70423|Rat:O08812
Enzyme,Human:O60911|Rat:P07154
Enzyme,Human:P25774|Mouse:O70370|Rat:Q02765
Enzyme,Human:P07711|Mouse:P06797
Enzyme,Human:P43235|Mouse:P55097|Rat:O35186
Enzyme,Human:P09668|Mouse:P49935|Rat:P00786
Enzyme,Human:P08311|Mouse:P28293|Rat:P17977
Enzyme,Human:Q9UBX1|Mouse:Q9R013
Enzyme,Human:P07339|Mouse:P18242|Rat:P24268
Enzyme,Human:P07858|Mouse:P10605|Rat:P00787
Enzyme,Human:P21964|Mouse:O88587|Rat:P22734
Enzyme,Human:P04040|Mouse:P24270|Rat:P04762
VGIC,Human:Q9P0X4|Rat:Q9Z0Y8
VGIC,Human:O95180|Mouse:O88427|Rat:Q9EQ60
VGIC,Human:O43497|Rat:O54898
VGIC,Human:Q15878|Mouse:Q61290|Rat:Q07652
VGIC,Human:Q00975|Mouse:O55017|Rat:Q02294
VGIC,Human:O00555|Mouse:P97445|Rat:P54282
VGIC,Human:O60840|Mouse:Q9JIS7
VGIC,Human:Q01668|Mouse:Q99246|Rat:P27732
VGIC,Human:Q13936|Mouse:Q01815|Rat:P22002
VGIC,Human:Q13698|Mouse:Q02789|Rat:Q02485
GPCR,Human:P41180|Mouse:Q9QY96|Rat:P48442
Enzyme,Human:P55211|Mouse:Q8C3Q9|Rat:Q9JHK1
Enzyme,Human:Q14790|Mouse:O89110|Rat:Q9JHX4
Enzyme,Human:P55210|Mouse:P97864
Enzyme,Human:P49662|Mouse:P70343
Enzyme,Human:P42574|Mouse:P70677|Rat:P55213
Enzyme,Human:P29466|Mouse:P29452|Rat:P43527
Enzyme,Human:P67870|Mouse:P67871|Rat:P67874
Enzyme,Human:P19784|Mouse:O54833
Enzyme,Human:P68400|Mouse:Q60737|Rat:P19139
Enzyme,Human:Q9Y6M4|Mouse:Q8C4X2|Rat:Q62763
Enzyme,Human:P78368|Mouse:Q8BVP5|Rat:Q62762
Enzyme,Human:Q9HCP0|Mouse:Q8BTH8|Rat:Q62761
Enzyme,Human:P49674|Mouse:Q9JMK2
Enzyme,Human:P48729|Mouse:Q8BK63|Rat:P97633
Transporter,Human:O43772|Mouse:Q9Z2Z6|Rat:P97521
Enzyme,Human:Q9Y646|Mouse:Q9WVJ3|Rat:Q6IRK9
Enzyme,Human:P22792|Mouse:Q9DBB9
Enzyme,Human:P15169|Mouse:Q9JJN5|Rat:Q9EQV8
Enzyme,Human:O75976|Mouse:O89001|Rat:Q9JHW1
Enzyme,Human:P15086|Rat:P19223
Enzyme,Human:P15085|Mouse:Q7TPZ8|Rat:P00731
Enzyme,Human:P19835|Mouse:Q64285|Rat:P07882
Enzyme,Human:P23141|Mouse:Q8VCC2|Rat:P16303
Enzyme,Human:Q16790|Mouse:Q8VHB5
Enzyme,Human:P43166|Mouse:Q9ERQ8
Enzyme,Human:P35218|Mouse:P23589|Rat:P43165
Enzyme,Human:P22748|Mouse:Q64444|Rat:P48284
Enzyme,Human:P00918|Mouse:P00920|Rat:P27139
Enzyme,Human:Q9ULX7|Mouse:Q9WVT6|Rat:A2IBE0
Enzyme,Human:Q8N1Q1|Mouse:Q9D6N1
Enzyme,Human:O43570|Mouse:Q8CI85
Enzyme,Human:P00915|Mouse:P13634|Rat:B0BNN3
Enzyme,Human:P07384|Mouse:O35350|Rat:P97571
Enzyme,Human:O14936|Mouse:O70589|Rat:Q62915
Enzyme,Human:Q96RR4|Mouse:Q8C078|Rat:O88831
Enzyme,Human:Q8N5S9|Mouse:Q8VBY2|Rat:P97756
Enzyme,Human:Q16566|Mouse:P08414|Rat:P13234
Enzyme,Human:Q13555|Mouse:Q923T9|Rat:P11730
Enzyme,Human:Q13557|Mouse:Q6PHZ2|Rat:P15791
Enzyme,Human:Q13554|Mouse:P28652|Rat:P08413
Enzyme,Human:Q9UQM7|Mouse:P11798|Rat:P11275
Enzyme,Human:Q96NX5|Mouse:Q91VB2|Rat:Q7TNJ7
Enzyme,Human:Q8IU85|Mouse:Q8BW96
Enzyme,Human:Q14012|Mouse:Q91YS8|Rat:Q63450
GPCR,Human:Q16602|Mouse:Q9R1W5|Rat:Q63118
Enzyme,Human:P06276|Mouse:Q03311
GPCR,Human:P30411|Mouse:P32299|Rat:P25023
GPCR,Human:P46663|Mouse:Q61125|Rat:P97583
Enzyme,Human:Q06187|Mouse:P35991
Enzyme,Human:O14874|Mouse:O55028|Rat:Q00972
Enzyme,Human:O15382|Mouse:O35855|Rat:O35854
Enzyme,Human:P15056|Mouse:P28028
CatalyticReceptor,Human:O00238|Mouse:P36898
CatalyticReceptor,Human:Q13873|Mouse:O35607
Enzyme,Human:P51813|Mouse:P97504
Enzyme,Human:Q9NSY1|Mouse:Q91Z96
GPCR,Human:Q9NPC1|Mouse:Q9JJL9|Rat:Q924U0
GPCR,Human:Q15722|Mouse:O88855|Rat:Q9R0Q2
Enzyme,Human:P51451|Mouse:P16277
Transporter,Human:P48065|Mouse:P31651|Rat:P48056
GPCR,Human:P13945|Mouse:P25962|Rat:P26255
GPCR,Human:P07550|Mouse:P18762|Rat:P10608
GPCR,Human:P08588|Mouse:P34971|Rat:P18090
Enzyme,Human:P56817|Mouse:P56818|Rat:P56819
Enzyme,Human:P35626|Mouse:Q3UYH7|Rat:P26819
Enzyme,Human:P25098|Mouse:Q99MK8|Rat:P26817
Enzyme,Human:P11274|Mouse:Q6PAJ1
OtherProtein,Human:Q92843|Mouse:P70345
OtherProtein,Human:Q07817|Mouse:Q64373|Rat:P53563
OtherProtein,Human:P10415|Mouse:P10417|Rat:P49950
Transporter,Human:P55011|Mouse:P55012
OtherProtein,Human:O15392|Mouse:O70201|Rat:Q9JHY7
CatalyticReceptor,Human:P30530|Mouse:Q00993
Enzyme,Human:Q9UQB9|Mouse:O88445
Enzyme,Human:Q96GD4|Mouse:O70126|Rat:O55099
Enzyme,Human:O14965|Mouse:P97477|Rat:P59241
GPCR,Human:P50052|Mouse:P35374|Rat:P35351
GPCR,Human:P30556|Mouse:P29755|Mouse:P29754|Rat:P29089|Rat:P25095
Transporter,Human:Q09428|Rat:Q09429
Transporter,Human:P51164|Mouse:P50992|Rat:P18598
Transporter,Human:P20648|Mouse:Q64436|Rat:P09626
Enzyme,Human:Q13315|Mouse:Q62388
Transporter,Human:Q9UN76|Mouse:Q9JMA9
GPCR,Human:P0DMS8|Mouse:Q61618|Rat:P28647
GPCR,Human:P29275|Mouse:Q60614|Rat:P29276
GPCR,Human:P29274|Mouse:Q60613|Rat:P30543
GPCR,Human:P30542|Mouse:Q60612|Rat:P25099
Enzyme,Human:Q86U10|Mouse:A0JNU3|Rat:O88202
LGIC,Human:Q9UHC3|Mouse:Q6X1Y6|Rat:O35240
LGIC,Human:Q16515|Mouse:Q925H0|Rat:Q62962
LGIC,Human:P78348|Mouse:Q6NXK8|Rat:P55926
OtherProtein,Human:P35869|Mouse:P30561|Rat:P41738
Enzyme,Human:P50440|Mouse:Q9D964|Rat:P50442
Enzyme,Human:P78540|Mouse:O08691|Rat:O08701
Enzyme,Human:P05089|Mouse:Q61176|Rat:P07824
Enzyme,Human:P10398|Mouse:P04627|Rat:P14056
OtherIC,Human:Q92482|Mouse:Q8R2N1|Rat:P47862
OtherIC,Human:P29972|Mouse:Q02013|Rat:P29975
OtherIC,Human:P30301|Mouse:Q640N8|Rat:P09011
Enzyme,Human:Q2M2I8|Mouse:Q3UHJ0|Rat:P0C1X8
CatalyticReceptor,Human:Q16671|Mouse:Q8K592|Rat:Q62893
Enzyme,Human:Q8NFD2|Mouse:Q8BZ25
Enzyme,Human:Q9BYF1|Mouse:Q8R0I0|Rat:Q5EGZ1
Enzyme,Human:P12821|Mouse:P09470|Rat:P47820
NHR,Human:P10275|Mouse:P19091|Rat:P15207
OtherProtein,Human:P02743|Mouse:P12246|Rat:P23680
Enzyme,Human:P04746|Mouse:P00688|Rat:P00689
Enzyme,Human:P15144|Mouse:P97449|Rat:P15684
Enzyme,Human:Q9ULA0|Mouse:Q9Z2W0|Rat:Q4V8H5
Enzyme,Human:Q16853|Mouse:O70423|Rat:O08590
GPCR,Human:P18825|Mouse:Q01337|Rat:P22086
GPCR,Human:P18089|Mouse:P30545|Rat:P19328
GPCR,Human:P08913|Mouse:Q01338|Rat:P22909
GPCR,Human:P25100|Mouse:P97714|Rat:P23944
GPCR,Human:P35368|Mouse:P97717|Rat:P15823
GPCR,Human:P35348|Mouse:P97718|Rat:P43140
Enzyme,Human:P10253|Mouse:P70699|Rat:Q6P7A9
CatalyticReceptor,Human:Q9UM73|Mouse:P97793
Enzyme,Human:P15121|Mouse:P45376|Rat:P07943
Enzyme,Human:Q06278|Mouse:O54754
Enzyme,Human:P49189|Mouse:Q9JLJ2|Rat:Q9JLJ3
Enzyme,Human:P51649|Mouse:Q8BWF0|Rat:G3V945
Enzyme,Human:P05091|Mouse:P47738|Rat:P11884
Transporter,Human:Q15758|Mouse:P51912
Transporter,Human:P43007|Mouse:O35874
Enzyme,Human:P31751|Mouse:Q60823|Rat:P47197
Enzyme,Human:P31749|Mouse:P31750|Rat:P47196
Enzyme,Human:P42330|Mouse:Q8K023|Rat:P51652
Transporter,Human:Q9UJS0|Mouse:Q9QXX4
Transporter,Human:O75746|Mouse:Q8BH59
GPCR,Human:Q5T601|Mouse:Q8VEC3
GPCR,Human:Q6QNK2|Mouse:Q80T32
Enzyme,Human:O95622|Mouse:P84309|Rat:Q04400
Enzyme,Human:Q08462|Mouse:Q80TL1|Rat:P26769
Enzyme,Human:Q08828|Mouse:O88444
Enzyme,Human:P55263|Mouse:P55264|Rat:Q64640
Enzyme,Human:P00813|Mouse:P03958|Rat:Q920P6
Enzyme,Human:Q9UNA0|Mouse:Q9R001
Enzyme,Human:Q9UKQ2|Mouse:Q9JLN6
Enzyme,Human:P78536|Mouse:Q9Z0F8|Rat:Q9Z1K9
Enzyme,Human:Q9NR19
CatalyticReceptor,Human:P37023|Mouse:Q61288|Rat:P80203
CatalyticReceptor,Human:P36896|Mouse:Q61271|Rat:P80202
CatalyticReceptor,Human:Q04771|Mouse:P37172|Rat:P80201
Enzyme,Human:O00763
Enzyme,Human:Q13085|Mouse:Q5SWU9|Rat:P11497
Enzyme,Human:Q9BWD1|Mouse:Q8CAY6|Rat:Q5XI22
Enzyme,Human:P24752|Mouse:Q8QZT1|Rat:P17764
Enzyme,Human:P22303|Mouse:P21836|Rat:P37136
Enzyme,Human:P42684|Mouse:Q4JIM5
Enzyme,Human:P00519|Mouse:P00520
Transporter,Human:Q9UNQ0|Mouse:Q7TMS5|Rat:Q80W57
Transporter,Human:P45844|Mouse:Q64343
Transporter,Human:O60706|Mouse:P70170|Rat:Q63563
Transporter,Human:O95255|Mouse:Q9R1S7|Rat:O88269
Transporter,Human:O15440|Mouse:Q9R1X5|Rat:Q9QYM0
Transporter,Human:O15439
Transporter,Human:Q92887|Mouse:Q8VI47|Rat:Q63120
Transporter,Human:P33527|Mouse:O35379|Rat:Q8CG09
Transporter,Human:Q2M3G0
Transporter,Human:O95342|Mouse:Q9QY30|Rat:O70127
Transporter,Human:P08183|Mouse:P21447
Transporter,Human:O95477|Mouse:P41233
Enzyme,Human:P49902|Mouse:Q3V1L4
Enzyme,Human:Q99707|Mouse:A6H5Y3|Rat:Q9Z2Q4
Enzyme,Human:P09917|Mouse:P48999|Rat:P12527
GPCR,Human:P34969|Mouse:P32304|Rat:P32305
GPCR,Human:P50406|Mouse:Q9R1C8|Rat:P31388
GPCR,Human:P47898|Mouse:P30966|Rat:P35364
GPCR,Human:Q13639|Mouse:P97288|Rat:Q62758
LGIC,Human:A5X5Y0
LGIC,Human:Q70Z44
LGIC,Human:Q8WXA8
LGIC,Human:O95264|Mouse:Q9JHJ5|Rat:Q9JJ16
LGIC,Human:P46098|Mouse:P23979|Rat:P35563
GPCR,Human:P41595|Mouse:Q02152|Rat:P30994
GPCR,Human:P28223|Mouse:P35363|Rat:P14842
GPCR,Human:P30939|Mouse:Q02284|Rat:P30940
GPCR,Human:P28566
GPCR,Human:P28221|Mouse:Q61224|Rat:P28565
GPCR,Human:P28222|Mouse:P28334|Rat:P28564
GPCR,Human:P08908|Mouse:Q64264|Rat:P19327
Enzyme,Human:P32754|Mouse:P49429|Rat:P32755
Enzyme,Human:P80404|Mouse:P61922|Rat:P50554
Enzyme,Human:O15530|Mouse:Q9Z2A0|Rat:O55173
Enzyme,Human:P16050|Mouse:P39654|Rat:Q02759
